{"class_name": "Functional", "config": {"name": "functional_3", "layers": [{"class_name": "InputLayer", "config": {"batch_input_shape": [null, 39], "dtype": "float32", "sparse": false, "ragged": false, "name": "input_4"}, "name": "input_4", "inbound_nodes": []}, {"class_name": "InputLayer", "config": {"batch_input_shape": [null, 512], "dtype": "float32", "sparse": false, "ragged": false, "name": "input_3"}, "name": "input_3", "inbound_nodes": []}, {"class_name": "Embedding", "config": {"name": "embedding_1", "trainable": false, "batch_input_shape": [null, null], "dtype": "float32", "input_dim": 1665, "output_dim": 300, "embeddings_initializer": {"class_name": "RandomUniform", "config": {"minval": -0.05, "maxval": 0.05, "seed": null}}, "embeddings_regularizer": null, "activity_regularizer": null, "embeddings_constraint": null, "mask_zero": true, "input_length": null}, "name": "embedding_1", "inbound_nodes": [[["input_4", 0, 0, {}]]]}, {"class_name": "Dense", "config": {"name": "dense_3", "trainable": true, "dtype": "float32", "units": 300, "activation": "relu", "use_bias": true, "kernel_initializer": {"class_name": "GlorotUniform", "config": {"seed": null}}, "bias_initializer": {"class_name": "Zeros", "config": {}}, "kernel_regularizer": null, "bias_regularizer": null, "activity_regularizer": null, "kernel_constraint": null, "bias_constraint": null}, "name": "dense_3", "inbound_nodes": [[["input_3", 0, 0, {}]]]}, {"class_name": "LSTM", "config": {"name": "lstm_2", "trainable": true, "dtype": "float32", "return_sequences": true, "return_state": false, "go_backwards": false, "stateful": false, "unroll": false, "time_major": false, "units": 256, "activation": "tanh", "recurrent_activation": "sigmoid", "use_bias": true, "kernel_initializer": {"class_name": "GlorotUniform", "config": {"seed": null}}, "recurrent_initializer": {"class_name": "Orthogonal", "config": {"gain": 1.0, "seed": null}}, "bias_initializer": {"class_name": "Zeros", "config": {}}, "unit_forget_bias": true, "kernel_regularizer": null, "recurrent_regularizer": null, "bias_regularizer": null, "activity_regularizer": null, "kernel_constraint": null, "recurrent_constraint": null, "bias_constraint": null, "dropout": 0.0, "recurrent_dropout": 0.0, "implementation": 2}, "name": "lstm_2", "inbound_nodes": [[["embedding_1", 0, 0, {}]]]}, {"class_name": "RepeatVector", "config": {"name": "repeat_vector_1", "trainable": true, "dtype": "float32", "n": 39}, "name": "repeat_vector_1", "inbound_nodes": [[["dense_3", 0, 0, {}]]]}, {"class_name": "TimeDistributed", "config": {"name": "time_distributed_1", "trainable": true, "dtype": "float32", "layer": {"class_name": "Dense", "config": {"name": "dense_4", "trainable": true, "dtype": "float32", "units": 300, "activation": "linear", "use_bias": true, "kernel_initializer": {"class_name": "GlorotUniform", "config": {"seed": null}}, "bias_initializer": {"class_name": "Zeros", "config": {}}, "kernel_regularizer": null, "bias_regularizer": null, "activity_regularizer": null, "kernel_constraint": null, "bias_constraint": null}}}, "name": "time_distributed_1", "inbound_nodes": [[["lstm_2", 0, 0, {}]]]}, {"class_name": "Add", "config": {"name": "add_1", "trainable": true, "dtype": "float32"}, "name": "add_1", "inbound_nodes": [[["repeat_vector_1", 0, 0, {}], ["time_distributed_1", 0, 0, {}]]]}, {"class_name": "Bidirectional", "config": {"name": "bidirectional_1", "trainable": true, "dtype": "float32", "layer": {"class_name": "LSTM", "config": {"name": "lstm_3", "trainable": true, "dtype": "float32", "return_sequences": false, "return_state": false, "go_backwards": false, "stateful": false, "unroll": false, "time_major": false, "units": 256, "activation": "tanh", "recurrent_activation": "sigmoid", "use_bias": true, "kernel_initializer": {"class_name": "GlorotUniform", "config": {"seed": null}}, "recurrent_initializer": {"class_name": "Orthogonal", "config": {"gain": 1.0, "seed": null}}, "bias_initializer": {"class_name": "Zeros", "config": {}}, "unit_forget_bias": true, "kernel_regularizer": null, "recurrent_regularizer": null, "bias_regularizer": null, "activity_regularizer": null, "kernel_constraint": null, "recurrent_constraint": null, "bias_constraint": null, "dropout": 0.0, "recurrent_dropout": 0.0, "implementation": 2}}, "merge_mode": "concat"}, "name": "bidirectional_1", "inbound_nodes": [[["add_1", 0, 0, {}]]]}, {"class_name": "Dense", "config": {"name": "dense_5", "trainable": true, "dtype": "float32", "units": 1665, "activation": "softmax", "use_bias": true, "kernel_initializer": {"class_name": "GlorotUniform", "config": {"seed": null}}, "bias_initializer": {"class_name": "Zeros", "config": {}}, "kernel_regularizer": null, "bias_regularizer": null, "activity_regularizer": null, "kernel_constraint": null, "bias_constraint": null}, "name": "dense_5", "inbound_nodes": [[["bidirectional_1", 0, 0, {}]]]}], "input_layers": [["input_3", 0, 0], ["input_4", 0, 0]], "output_layers": [["dense_5", 0, 0]]}, "keras_version": "2.4.0", "backend": "tensorflow"}